cost_id,airfare,other_transport,lodging,meals,other_expenses,total,ref_id
2001,359.42,55.74,534.83,371.12,251.03,1572.14,1
2002,1940.41,269.51,1406.98,1158.97,792.03,5567.9,2
2003,636.57,167.5,446.84,340.55,584.52,2175.98,3
2004,364.15,112.27,534.83,346.79,370.4,1728.44,4
2005,216.62,33,781.83,231.5,402.3,1665.25,5
2006,742.95,44.65,633.3,312.65,743.5,2477.05,6
2007,717.54,16.65,333.9,302.2,18.41,1388.7,7
2008,482.5,232.96,534.83,346.79,380.59,1977.67,8
2009,862.39,58.61,152.54,168.9,793.81,2036.25,9
2010,275.66,232.96,153.45,130.9,421.01,1213.98,10
2011,1431.45,137.12,709.49,393.3,218.07,2889.43,11
2012,610.08,375.3,245.54,264.4,798.06,2293.38,12
2013,971.13,266.19,196.35,144.95,360.03,1938.65,13
2014,910.97,113,496.01,208.13,124.03,1852.14,14
2015,456.58,52.9,247.47,208.13,938.85,1903.93,15
2016,1142.64,232.96,189.73,179.75,255.51,2000.59,16
2017,967.42,232.96,230.84,69.8,783.01,2284.03,17
2018,12063.41,148.58,3359.17,2097.42,771.56,18440.14,18
2019,12063.41,148.58,3428.08,2107.56,665.17,18412.8,19
2020,624.54,60.6,139.59,159.95,706.95,1691.63,20
2021,656.93,60.6,164.29,177.05,386.4,1445.27,21
2022,618.96,60.6,1766.26,457.53,449.78,3353.13,22
2023,2873.63,97.95,335.41,295.35,612.71,4215.05,23
2024,1124.11,56.41,335.41,295.35,234.25,2045.53,24
2025,794.67,56.41,230.84,115.75,138.81,1336.48,25
2026,890.07,280.86,496.73,330.7,606.75,2605.11,26
2027,999.58,80,224.91,143.65,656.48,2104.62,27
2028,1909.85,190.58,1011.46,555.5,483.01,4150.4,28
2029,551.72,190.58,230.84,115.75,656.56,1745.45,29
2030,656.93,94.78,152.25,177.05,47.05,1128.06,30
2031,1376.89,100.04,158.92,179,818.77,2633.62,31
2032,958.23,152.88,235.04,277.45,501.41,2125.01,32
2033,758.51,26,268.21,34.45,16.45,1103.62,33
2034,814.5,74.1,230.84,97.7,982.77,2199.91,34
2035,12333.45,25.97,3359.17,2141.81,147.52,18007.92,35
2036,1237.9,25.97,164.29,177.25,637.63,2243.04,36
2037,618.96,232.96,1766.26,457.53,821.4,3897.11,37
2038,2042.68,494.04,379.46,213.45,806.77,3936.4,38
2039,3351.62,52.47,474.19,232.25,490.94,4601.47,39
2040,1138.19,232.96,230.84,115.75,939.87,2657.61,40
2041,1058.9,26.23,224.91,143.65,186.06,1639.75,41
2042,1691.73,26.23,446.44,168.25,828.86,3161.51,42
2043,618.96,66.81,1766.26,474.84,168.35,3095.22,43
2044,1132.94,114.59,284.28,274.3,722.23,2528.34,44
2045,923.97,64.7,143.75,179.75,614.04,1926.21,45
2046,609.35,108.83,143.75,126.5,130.45,1118.88,46
2047,864.85,108.83,164.37,161.7,531.37,1831.12,47
2048,661.54,227.7,329.3,179.9,990.92,2389.36,48
2049,1004.79,219.69,284.28,274.3,413.37,2196.43,49
2050,794.67,219.69,230.84,115.75,434.12,1795.07,50
2051,842.65,219.69,329.3,179.9,71.91,1643.45,51
2052,935.2,43.9,224.91,143.65,432.46,1780.12,52
2053,971.13,86.57,534.83,346.79,977.58,2916.9,53
2054,366.97,240.5,207.65,114.4,993.81,1923.33,54
2055,664.7,223.42,863.42,891.35,862.43,3505.32,55
2056,175.92,593.96,157.87,763.85,470.57,2162.17,56
2057,285.07,40,901.38,312.65,435.25,1974.35,57
2058,281.03,10,1401.39,428.4,247.19,2368.01,58
2059,578.49,774.72,653.02,148.86,623.24,2778.33,59
2060,501.69,364.26,653.02,81.3,559.78,2160.05,60
2061,951.11,473.62,165.83,196.15,818.2,2604.91,61
2062,1074.28,30,165.83,97.7,131.51,1499.32,62
2063,324.91,119.87,559.52,117.84,461.19,1583.33,63
2064,360.26,236.1,559.85,351.19,378.04,1885.44,64
2065,439.16,595.4,97.49,357.45,572.2,2061.7,65
2066,130.84,383.63,264.13,891.47,434.54,2104.61,66
2067,2137,23,982.37,454.24,497.46,4094.07,67
2068,2886.35,23,982.37,437.09,493.48,4822.29,68
2069,623.19,23,174,119.95,477.95,1418.09,69
2070,6909.34,23,3039.93,1741.06,863.6,12576.93,70
2071,1211.5,23,863.72,437.09,761.35,3296.66,71
2072,6909.34,23,2962.94,1741.06,160.66,11797,72
2073,1710.28,119.69,620.79,366.1,29.5,2846.36,73
2074,1629.2,50.78,449.34,225.5,889.6,3244.42,74
2075,1942.87,63.18,166.95,196.15,766.56,3135.71,75
2076,3677.98,25.97,556.84,313.55,477.49,5051.83,76
2077,1282.18,35.25,900.83,127.1,751.42,3096.78,77
2078,609.43,26,288.85,80.4,60.29,1064.97,78
2079,1815.5,26,929.47,480.25,543.91,3795.13,79
2080,808.63,17,471.44,82.05,67.3,1446.42,80
2081,750.18,97.09,354.42,115.6,161.58,1478.87,81
2082,839.26,450.82,176.47,511.95,538.69,2517.19,82
2083,996.8,128.04,424.38,203.45,437.73,2190.4,83
2084,775.4,131.32,599.55,713.71,409.36,2629.34,84
2085,961.96,89.33,253.37,204.36,229.9,1738.92,85
2086,144.69,404.19,763.52,963.73,282.54,2558.67,86
2087,561.48,35,763.52,81.3,991.89,2433.19,87
2088,1435.45,35,424.38,203.45,260.45,2358.73,88
2089,113.78,541.64,24.64,181.69,432.47,1294.22,89
2090,866.01,541.64,253.37,204.36,962.26,2827.64,90
2091,439.19,229.19,263.04,370.18,148.7,1450.3,91
2092,951.11,86.15,165.83,196.15,908.42,2307.66,92
2093,828.21,88.25,397.61,232.4,524.58,2071.05,93
2094,687.16,165.03,284.28,242.1,526.68,1905.25,94
2095,828.27,17.77,888.93,249.55,151.95,2136.47,95
2096,1957.59,17.77,1776.3,669.84,202.41,4623.91,96
2097,563.02,33.13,275.72,214.2,282.69,1368.76,97
2098,1038.02,135.1,403.16,160.95,148.53,1885.76,98
2099,1733.67,92.57,713.41,312.65,151.14,3003.44,99
2100,732.25,92.58,446.83,167.35,737.28,2176.29,100
2101,1009.43,71.73,164.37,86.95,779.31,2111.79,101
2102,1257.83,92.3,164.37,115.75,64.32,1694.57,102
2103,1473.98,90.53,254.87,179.75,746.76,2745.89,103
2104,1072.9,90.53,546.78,338.65,602.89,2651.75,104
2105,1254.98,222.4,990.24,388.45,773.57,3629.64,105
2106,553.84,222.4,288.85,115.75,237.6,1418.44,106
2107,1899.28,134.66,684.59,283.1,360.99,3362.62,107
2108,828.27,134.66,888.93,249.55,349.48,2450.89,108
2109,1957.59,134.66,1776.3,669.84,408.99,4947.38,109
2110,1210.52,134.66,967.74,525.95,696.34,3535.21,110
2111,42.94,930.18,661.8,644.8,86.02,2365.74,111
2112,78.15,412.53,862.82,300.77,258.91,1913.18,112
2113,416.12,565.7,209.3,89.26,337.33,1617.71,113
2114,563.02,35.67,275.72,214.2,329.91,1418.52,114
2115,819.15,903.85,8.83,877.36,558.05,3167.24,115
2116,835.35,35.43,288.85,115.75,32.89,1308.27,116
2117,1072.9,72.15,546.78,338.66,753.11,2783.6,117
2118,828.27,73.44,888.93,249.55,359.16,2399.35,118
2119,664.15,193.63,471.44,133.95,918.77,2381.94,119
2120,970.87,26.23,288.85,115.75,461.28,1862.98,120
2121,1239.85,26.23,546.78,315.92,140.65,2269.43,121
2122,1048.12,26.23,165.83,143.65,588.66,1972.49,122
2123,1261.36,25.97,275.72,214.2,280.61,2057.86,123
2124,1547.79,51.94,888.93,295.5,998.13,3782.29,124
2125,2922.45,51.94,888.62,220,802.4,4885.41,125
2126,2987.73,90,1776.3,648.4,313.81,5816.24,126
2127,3046.5,25.97,713.41,248.65,462.44,4496.97,127
2128,424.82,25.97,165.83,132.9,440.24,1189.76,128
2129,316.24,730.08,599.5,27.41,845.6,2518.83,129
2130,516.69,11.66,174.02,205.3,566.33,1474,130
2131,345.92,11.66,1040.55,193.95,625.78,2217.86,131
2132,8524.86,11.66,3087.42,1030.03,468.02,13121.99,132
2133,977.92,147.5,102.81,113.83,698.31,2040.37,133
2134,6909.34,147.5,2962.94,1741.06,56.47,11817.31,134
2135,257.78,184.08,208.25,115.75,425.24,1191.1,135
2136,1835.19,453.12,3741.44,1507.56,721.8,8259.11,136
2137,462.77,453.12,208.25,115.75,652.59,1892.48,137
2138,1595.65,453.12,164.37,161.7,440.77,2815.61,138
2139,8487.99,423.6,3741.44,1341.15,163.82,14158,139
2140,1260.23,25.97,174,167.3,434.14,2061.64,140
2141,1601.04,25.97,154.34,89.9,957.65,2828.9,141
2142,1835.19,423.6,3741.44,1507.56,871.26,8379.05,142
2143,394.92,32.86,188.34,36.2,467.97,1120.29,143
2144,1063.1,32.86,154.34,119.95,213.22,1583.47,144
2145,1669.7,75.12,523.83,324.3,599.16,3192.11,145
2146,930.04,247.1,287.5,133.95,377.77,1976.36,146
2147,1024.32,32.67,164.37,161.7,30.58,1413.64,147
2148,408.55,117.77,124.3,64,129.45,844.07,148
2149,7196.26,380.95,2404.37,463.76,304.38,10749.72,149
2150,1149.72,380.95,612.94,189.6,876.85,3210.06,150
2151,2508.36,232.96,3870.19,894.2,963.91,8469.62,151
2152,975.19,690.2,655.92,513.25,802.22,3636.78,152
2153,1339.1,690.2,810.96,458.91,403.99,3703.16,153
2154,2231.2,690.2,812.17,432.5,143.16,4309.23,154
2155,3117.85,47,1261.58,485.3,533.23,5444.96,155
2156,913.98,47,312.74,203.7,600.18,2077.6,156
2157,1173.98,26.77,157.07,119.95,305.44,1783.21,157
2158,1909,26.77,158.92,119.95,346.16,2560.8,158
2159,1982.18,169.15,1145.15,576.31,277.53,4150.32,159
2160,1815.5,169.15,929.47,480.25,547.06,3941.43,160
2161,1666.09,123.46,628.71,473.65,927.23,3819.14,161
2162,1401.89,50.17,1002.55,390.11,935.26,3779.98,162
2163,489.6,87.07,1096.93,485.3,875.19,3034.09,163
2164,469.16,664.87,571.51,670.23,269.22,2644.99,164
2165,445.51,171.81,173.29,930.88,859.29,2580.78,165
2166,621.49,34.16,157.07,119.95,518.31,1450.98,166
2167,881.11,117.45,157.07,85.35,176.82,1417.8,167
2168,203.49,533.3,836.8,873.92,794.43,3241.94,168
2169,531.6,74.45,1096.93,485.3,111.39,2299.67,169
2170,804.23,232.96,293.14,215.33,668.8,2214.46,170
2171,3442.73,232.96,323.01,216.55,155.27,4370.52,171
2172,971.13,12.4,135.65,176.65,993.69,2289.52,172
2173,970.51,232.96,534.83,91.5,968.24,2798.04,173
2174,1661.58,232.96,196.65,156.05,889.66,3136.9,174
2175,1534.46,48.49,196.65,156.05,980.17,2915.82,175
2176,971.13,6.2,534.83,50.55,201.02,1763.73,176
2177,971.13,6.2,534.83,50.55,43.9,1606.61,177
2178,971.13,6.2,534.83,50.55,88.52,1651.23,178
2179,971.13,6.2,140.17,105.5,670.17,1893.17,179
2180,971.13,6.2,534.83,50.55,69.8,1632.51,180
2181,971.13,6.2,137.9,105.5,558.07,1778.8,181
2182,971.13,6.2,534.83,50.55,721.76,2284.47,182
2183,971.13,6.2,135.65,105.5,139.94,1358.42,183
2184,971.13,6.2,534.83,50.55,462.24,2024.95,184
2185,971.13,52.71,534.83,346.79,185.86,2091.32,185
2186,970.51,76.53,534.83,91.5,80.59,1753.96,186
2187,952.04,29.56,562.8,192.6,152.17,1889.17,187
2188,971.13,232.96,141.59,101.1,843.81,2290.59,188
2189,971.13,232.96,534.83,40.95,142.27,1922.14,189
2190,971.13,3.1,136.33,70.9,841.72,2023.18,190
2191,971.13,6.2,534.83,50.55,817.69,2380.4,191
2192,971.13,6.2,135.65,70.9,901.09,2084.97,192
2193,971.13,3.2,135.65,70.9,859.09,2039.97,193
2194,971.13,6.4,123.75,70.9,852.2,2024.38,194
2195,971.13,6.4,140.17,70.9,635.78,1824.38,195
2196,971.13,20,210.36,101.1,710.73,2013.32,196
2197,971.13,274.57,210.36,71.15,264.7,1791.91,197
2198,1606.53,232.96,738.13,294.85,942.54,3815.01,198
2199,975.07,232.96,562.8,192.6,672.06,2635.49,199
2200,1076.28,22.43,488.94,253.9,589.87,2431.42,200
2201,1426.16,232.96,275.56,93.76,590.17,2618.61,201
2202,870.4,88.28,559.29,253.9,592.75,2364.62,202
2203,1463.76,28.62,275.56,93.76,117.83,1979.53,203
2204,971.13,232.96,534.83,71.15,552.15,2362.22,204
2205,971.13,232.96,534.83,50.55,903.09,2692.56,205
2206,971.13,217.71,534.83,70.9,840.99,2635.56,206
2207,1267.97,75.81,610.68,244.3,703.57,2902.33,207
2208,971.13,54,141.59,101.1,748.02,2015.84,208
2209,1532.64,37.64,275.56,93.76,56.92,1996.52,209
2210,971.13,6.2,534.83,50.55,490.89,2053.6,210
2211,971.13,6.4,534.83,91.5,530.3,2134.16,211
2212,971.13,6.4,140.17,91.5,818.68,2027.88,212
2213,971.13,6.4,534.83,40.95,793.98,2347.29,213
2214,971.13,3.2,534.83,50.55,498,2057.71,214
2215,971.13,3.2,534.83,50.55,180.73,1740.44,215
2216,971.13,6.4,135.65,70.9,117.25,1301.33,216
2217,971.13,3.2,472.51,162.65,94.3,1703.79,217
2218,971.13,232.96,534.83,50.55,388.94,2178.41,218
2219,890.08,232.96,488.94,253.9,899.8,2765.68,219
2220,971.13,232.96,534.83,50.55,708.1,2497.57,220
2221,1307.52,20.57,610.68,244.3,231.06,2414.13,221
2222,971.13,6.4,534.83,50.55,785.18,2348.09,222
2223,971.13,6.4,534.83,71.15,112.01,1695.52,223
2224,971.13,6.4,534.83,20.35,290.09,1822.8,224
2225,971.13,6.4,534.83,50.55,215.75,1778.66,225
2226,2648.21,339.7,387.79,319.25,864.46,4559.41,226
2227,971.13,334.13,534.83,19.85,529.05,2388.99,227
2228,971.13,232.96,187.58,144.55,785.37,2321.59,228
2229,1840.91,268.53,352.14,163.65,118.2,2743.43,229
2230,1143.02,232.96,663.99,441.85,824.28,3306.1,230
2231,7161.52,232.96,371.54,735.5,357.1,8858.62,231
2232,971.13,232.96,185.64,156,402.01,1947.74,232
2233,1224.95,232.96,352.14,163.65,470.81,2444.51,233
2234,7161.52,57.24,371.54,781.5,698.83,9070.63,234
2235,971.13,238.02,534.83,40.6,532.76,2317.34,235
2236,971.13,289.75,195.16,217.1,486.78,2159.92,236
2237,799.96,140.33,314.41,285.05,81.82,1621.57,237
2238,764.71,232.96,534.83,70.75,764.83,2368.08,238
2239,971.13,73.67,534.83,346.79,658,2584.42,239
2240,958.08,87.24,534.83,91.25,625.01,2296.41,240
2241,2815.63,124,387.79,319.25,359.06,4005.73,241
2242,971.13,260.93,271.3,283.5,479.15,2266.01,242
2243,1840.91,27.3,352.14,163.65,486.75,2870.75,243
2244,971.13,270.01,534.83,20.1,757.89,2553.96,244
2245,1067.12,66.15,663.99,441.85,127.4,2366.51,245
2246,7161.52,232.96,930.1,1100.75,955.4,10380.73,246
2247,971.13,117.5,534.83,40.6,893.55,2557.61,247
2248,971.13,154.82,534.83,20.1,620.47,2301.35,248
2249,428.78,876.08,491.16,925.98,801.62,3523.62,249
2250,971.13,6.2,141.3,67.3,130.11,1316.04,250
2251,971.13,6.2,534.83,50,142.63,1704.79,251
2252,971.13,12.4,135.65,67.3,891.7,2078.18,252
2253,971.13,6.2,187.58,144.55,180.97,1490.43,253
2254,971.13,232.96,271.3,322.2,503.88,2301.47,254
2255,971.13,6.2,141.3,67.95,339.25,1525.83,255
2256,971.13,3.1,534.83,50.65,510.04,2069.75,256
2257,971.13,6.2,534.83,50.65,116.38,1679.19,257
2258,971.13,6.2,152.6,67.95,143.67,1341.55,258
2259,971.13,6.2,534.83,50.65,842.65,2405.46,259
2260,971.13,232.96,141.3,67.95,677.7,2091.04,260
2261,971.13,6.2,141.3,88.45,852.33,2059.41,261
2262,971.13,232.96,534.83,51.25,871.78,2661.95,262
2263,971.13,232.96,534.83,20.9,748.48,2508.3,263
2264,971.13,232.96,534.83,51.25,806.79,2596.96,264
2265,971.13,232.96,534.83,51.25,199.06,1989.23,265
2266,646.17,117.26,157.78,197.25,146.54,1265,266
2267,1104.27,189.72,841.31,461.84,834.23,3431.37,267
2268,2511.31,132.48,785.65,591,588.64,4609.08,268
2269,489.37,606.86,458.42,102.22,923.82,2580.69,269
2270,880.99,192.76,630.99,332.45,772.66,2809.85,270
2271,935.23,117.3,630.99,353.05,535.19,2571.76,271
2272,949.11,117.3,630.99,373.4,181.85,2252.65,272
2273,662.91,128.43,630.99,332.45,695.85,2450.63,273
2274,935.23,118.3,630.99,353.05,450.25,2487.82,274
2275,1313.32,342.77,970.75,591,906.81,4124.65,275
2276,879.43,726.6,158.98,621.59,767.29,3153.89,276
2277,828.25,253.91,811.58,393.68,326.99,2614.41,277
2278,1190.86,359.36,344.73,394.25,824.13,3113.33,278
2279,971.13,339.57,534.83,71.15,248.46,2165.14,279
2280,971.13,267.25,534.83,20.6,360.93,2154.74,280
2281,971.13,315.28,534.83,91.5,938.89,2851.63,281
2282,971.13,563.09,534.83,20.6,629.11,2718.76,282
2283,971.13,440.71,534.83,20.6,362.16,2329.43,283
2284,1278.66,32,50,112.1,244.16,1716.92,284
2285,1210.74,70.25,269.12,197.25,141.8,1889.16,285
2286,894.55,163.15,630.99,353.05,958.66,3000.4,286
2287,971.13,324.3,177.31,183.55,757.19,2413.48,287
2288,811.86,235.12,154.7,226.5,553.05,1981.23,288
2289,1095.53,304.61,553.43,884.65,281.45,3119.67,289
2290,817.28,237.17,151.17,205.15,904.49,2315.26,290
2291,721.22,193.16,491.24,292.85,754.61,2453.08,291
2292,651.37,279.34,594.72,342.4,254.26,2122.09,292
2293,1504.7,205.31,334.56,347.25,127.34,2519.16,293
2294,1818.5,691.09,900.59,463,92.22,3965.4,294
2295,986.9,182.9,141.55,231.5,955.43,2498.28,295
2296,971.13,665.2,404.27,231.5,374.01,2646.11,296
2297,698.64,278.92,443.4,468.95,657.23,2547.14,297
2298,971.13,336.6,369.75,270.95,96.14,2044.57,298
2299,971.13,41.25,534.83,22.15,476.65,2046.01,299
2300,1633.64,108.7,534.83,98.45,981.42,3357.04,300
2301,971.13,296.04,783.04,259.4,395.12,2704.73,301
2302,971.13,49.68,534.83,346.79,875.98,2778.41,302
2303,780.54,50,371.32,270.7,504.36,1976.92,303
2304,12175.56,592.46,996.34,731.55,810.17,15306.08,304
2305,1668.11,202.11,400.4,422.29,825.74,3518.65,305
2306,971.13,671.27,534.83,418.95,567.94,3164.12,306
2307,670.23,106.34,534.83,396.8,360.11,2068.31,307
2308,822.12,283.29,1067.43,418.7,927.02,3518.56,308
2309,770.06,729.51,466.86,231.5,275.01,2472.94,309
2310,579.53,231.13,534.83,396.8,241.35,1983.64,310
2311,693.66,135,534.83,396.8,715.73,2476.02,311
2312,591.5,246.49,534.83,250,612.77,2235.59,312
2313,331.07,180.2,50,119.75,991.87,1672.89,313
2314,1345.32,239.97,419.42,233.75,13.33,2251.79,314
2315,279.39,13,1067.43,320.25,750.66,2430.73,315
2316,971.13,393.23,534.83,307.4,571.89,2778.48,316
2317,971.13,48.29,534.83,307.4,305.07,2166.72,317
2318,1454.37,222.54,340.58,359.25,975.23,3351.97,318
2319,964.17,227.76,534.83,387.05,813.46,2927.27,319
2320,872.73,139.48,534.83,440.85,539.66,2527.55,320
2321,894.34,182.47,850.12,529.6,495.79,2952.32,321
2322,750.83,288.89,538.24,313.4,820.72,2712.08,322
2323,2395.31,160.18,321.32,376.55,531.41,3784.77,323
2324,971.13,137.96,534.83,346.79,858.19,2848.9,324
2325,971.13,133.08,534.83,346.79,90.14,2075.97,325
2326,875.58,234.35,538.24,313.4,505.55,2467.12,326
2327,971.13,261.37,177.31,159.85,435.42,2005.08,327
2328,971.13,68.44,534.83,346.79,218.06,2139.25,328
2329,706.76,262.27,701.58,359.25,911.85,2941.71,329
2330,837.71,182.14,948.39,387.05,272.9,2628.19,330
2331,1411.92,78.14,772.11,409.85,558.5,3230.52,331
2332,971.13,90,534.83,364,155.68,2115.64,332
2333,604.21,138.92,948.39,387.05,502.42,2580.99,333
2334,1098.63,333.04,1264.52,449.95,849.72,3995.86,334
2335,765.29,215,948.39,307.4,110.28,2346.36,335
2336,480.53,126.29,948.39,307.4,709.43,2572.04,336
2337,971.13,35.74,534.83,346.79,123.25,2011.74,337
2338,971.13,309.6,206.47,193.65,295.4,1976.25,338
2339,971.13,310.8,194.57,137.05,449.42,2062.97,339
2340,971.13,56.84,1067.43,298.1,135.45,2528.95,340
2341,971.13,301.32,534.83,119.75,547.91,2474.94,341
2342,1579.6,123.75,1123.48,529.6,557.03,3913.46,342
2343,284.78,218.6,1067.43,352.5,535.81,2459.12,343
2344,971.13,155.92,534.83,56.6,828.57,2547.05,344
2345,1499.26,124.43,716.53,561.68,987.8,3889.7,345
2346,1417.51,528.4,796.2,643.4,507.6,3893.11,346
2347,971.13,645.3,194.33,99.8,132.62,2043.18,347
2348,971.13,734.44,842.61,307.4,546.07,3401.65,348
2349,745.3,515.97,1266.32,569.5,944.88,4041.97,349
2350,949.52,139.53,1992.5,521.7,563.45,4166.7,350
2351,971.13,110.63,534.83,346.79,565.79,2529.17,351
2352,971.13,204.22,503,199.3,176.6,2054.25,352
2353,971.13,373.15,226.08,188.2,686.3,2444.86,353
2354,971.13,713.23,1844.23,881.1,945.02,5354.71,354
2355,828.14,512.51,731.41,485,677.54,3234.6,355
2356,815.63,88.23,2063.46,578.9,430.23,3976.45,356
2357,989.77,476.06,1536.69,940.57,431.33,4374.42,357
2358,1301.27,371.86,1859.32,640.9,869.35,5042.7,358
2359,315.13,117,126.6,97,50.61,706.34,359
2360,960.79,165.3,553.91,379.17,47.34,2106.51,360
2361,609.66,73.61,1071.85,346.61,61.88,2163.61,361
2362,404.94,546.98,694.6,941.16,845.66,3433.34,362
2363,309.92,408.49,503.57,697.3,115.84,2035.12,363
2364,97.93,132.88,670.68,777.21,258.81,1937.51,364
2365,392.14,625.44,497.18,427.05,725.41,2667.22,365
2366,592.92,237.64,285.85,416.34,342.71,1875.46,366
2367,400.83,342.63,333.33,507.31,884.05,2468.15,367
2368,537.31,635.77,581.15,490.64,381.12,2625.99,368
2369,676.99,883.24,367.23,248.82,341.01,2517.29,369
2370,873.33,908.33,573.72,545.84,258.48,3159.7,370
2371,340.88,40,340.76,257.8,42.13,1021.57,371
2372,566.46,38.05,852.08,260.32,264.01,1980.92,372
2373,380.87,25,611.36,291.35,272.27,1580.85,373
2374,680.48,135,612.3,308.6,754.73,2491.11,374
2375,413.98,73.2,700.32,248.65,902.4,2338.55,375
2376,346.08,516.82,757.73,549.31,584.3,2754.24,376
2377,4074.14,74.5,441.8,150.95,588.97,5330.36,377
2378,1604.41,106.34,479.39,284,846.9,3321.04,378
2379,250.74,73.16,189.73,159.95,635.48,1309.06,379
2380,484.07,401.54,334.9,821.71,574.09,2616.31,380
2381,269.76,862.82,485.78,685.73,328.08,2632.17,381
2382,660.62,64.92,160.66,161.7,687.58,1735.48,382
2383,668.42,32.7,1070.02,346.63,210.79,2328.56,383
2384,315.13,76.92,511.14,291.3,110.66,1305.15,384
2385,742.93,97.63,830.86,406.06,773.62,2851.1,385
2386,524.31,224.26,366.52,211.5,515.39,1841.98,386
2387,417.31,213.26,707.64,468.5,760.07,2566.78,387
2388,500.01,227.26,176.91,177.2,260.79,1342.17,388
2389,650.69,163.48,307.86,291.3,516.68,1930.01,389
2390,744.32,112,198.24,115.75,326.08,1496.39,390
2391,958.74,211.74,365.88,896.38,215.75,2648.49,391
2392,450.38,144.85,406.1,247,657.71,1906.04,392
2393,4948.28,35.2,1030.74,846.49,650.97,7511.68,393
2394,797.91,108.02,828.36,242.25,520.64,2497.18,394
2395,807.74,718.26,524.75,56.6,446.9,2554.25,395
2396,189.7,723.87,658.44,886.71,364.64,2823.36,396
2397,324.37,165.44,967.7,334.6,965.17,2757.28,397
2398,614.63,492.14,859.59,651.32,190.77,2808.45,398
2399,428.85,828.94,292.16,809.99,612.55,2972.49,399
2400,796.44,874.32,240.49,430.03,10.57,2351.85,400
2401,261.18,56.14,886.75,610.34,101.46,1915.87,401
2402,23.59,48.62,79.9,159.01,518.77,829.89,402
2403,965.03,113.64,1512.35,437.99,335.2,3364.21,403
2404,331.68,92,627.15,358.6,556.8,1966.23,404
2405,997.64,91.98,589.69,387.79,840.15,2907.25,405
2406,1015.65,161,828.36,143.8,378.82,2527.63,406
2407,922.92,104.76,1380.6,439.15,161.76,3009.19,407
2408,1358.74,112.57,1470.65,550.05,710.85,4202.86,408
2409,832.66,55.42,1304.48,334.3,932.02,3458.88,409
2410,389.64,723.5,790.26,916.27,830.16,3649.83,410
2411,1632.77,119,525.24,291.6,176.75,2745.36,411
2412,418.16,245.26,525.24,51.75,484.62,1725.03,412
2413,543.98,172.26,525.24,260.15,688.83,2190.46,413
2414,911.18,523.98,98.43,62.32,248.86,1844.77,414
2415,1692.09,167.64,1244.43,305.5,834.64,4244.3,415
2416,90.68,720.41,687.79,386,862.44,2747.32,416
2417,408.55,116.49,415.28,232.25,890.84,2063.41,417
2418,859.74,162.13,963.52,555.5,514.29,3055.18,418
2419,177.1,302.27,354.48,376.53,140.47,1350.85,419
2420,4186.81,303.76,976.12,606.48,833.48,6906.65,420
2421,2406.7,271.88,181.56,194.2,820.23,3874.57,421
2422,1306.43,208.86,368.26,194.5,485.2,2563.25,422
2423,774.7,753.2,773.2,262.3,942.7,3506.1,423
2424,117.75,337.36,965.19,424.32,624.05,2468.67,424
2425,946.44,873.58,322.13,202.99,852.91,3198.05,425
2426,385.8,307.55,996.89,14.28,506.92,2211.44,426
2427,559.23,696.97,65.37,669.83,696.72,2688.12,427
2428,867.68,132.62,907.77,612.73,896.63,3417.43,428
2429,689.41,749.95,700.23,677.83,764.97,3582.39,429
2430,479.25,23,700.23,18.9,964.12,2185.5,430
2431,739.11,168.15,107.93,227.21,205.24,1447.64,431
2432,1324.71,104.32,888.65,291.57,532.21,3141.46,432
2433,962.41,177.66,388.79,354.78,915.55,2799.19,433
2434,1579.08,123,501.84,228.8,52.31,2485.03,434
2435,147.66,908.2,55.28,98.61,333.46,1543.21,435
2436,484.72,33.14,570.87,350.6,238.28,1677.61,436
2437,472.62,25.14,570.87,78.8,813.38,1960.81,437
2438,753.25,278.14,811.02,913.2,827.8,3583.41,438
2439,193.05,699.12,146.39,107.95,124.54,1271.05,439
2440,710.95,308.18,133.41,223.1,477.31,1852.95,440
2441,1118.86,68.4,576.82,274.27,791.89,2830.24,441
2442,5070.97,138.25,350.16,194.5,985.4,6739.28,442
2443,350.83,836.9,359.76,935.78,718.58,3201.85,443
2444,4159.02,281,744.63,520.05,829.92,6534.62,444
2445,1600.92,101.65,744.63,175.4,503.71,3126.31,445
2446,1093.72,18.32,576.69,319.85,981.97,2990.55,446
2447,625.62,193.34,612.34,346.44,917.82,2695.56,447
2448,2396.59,97.45,1818.72,1165.25,312.74,5790.75,448
2449,421.22,234.5,448.92,291.35,759.24,2155.23,449
2450,427.67,973.87,741.18,845.03,118.31,3106.06,450
2451,499.63,559.63,62.58,583.19,529.24,2234.27,451
2452,749.82,314.64,874.91,428.35,617.96,2985.68,452
2453,675.13,416.08,82.43,127.73,544.43,1845.8,453
2454,62.82,352.95,817.1,298.47,152.69,1684.03,454
2455,295.96,400.11,795.02,82.62,969.29,2543,455
2456,516.67,427.32,271.68,454.02,128.5,1798.19,456
2457,542.29,851.52,160.36,431.14,393.94,2379.25,457
2458,403.18,858.81,612.08,990.23,759.93,3624.23,458
2459,357.35,101.63,968.25,361.82,534.98,2324.03,459
2460,218.98,331.54,853.97,653.95,368.76,2427.2,460
2461,307.55,392.49,996.53,775.5,62.27,2534.34,461
2462,326.74,451.51,3.8,732.63,797.92,2312.6,462
2463,313.95,12,162.75,890.21,376.29,1755.2,463
2464,651.19,797.07,502.64,339.44,175.69,2466.03,464
2465,320.82,60,146.9,34.6,626.57,1188.89,465
2466,648.88,186.58,813.12,83.9,606.94,2339.42,466
2467,173.67,187.55,73.7,176.37,403.43,1014.72,467
2468,867.61,53.66,234.78,228.75,606.37,1991.17,468
2469,493.02,184.76,100,194.55,455.4,1427.73,469
2470,461.49,306,100,86.5,708.11,1662.1,470
2471,307.6,807.41,325.19,79.38,456.23,1975.81,471
2472,160.96,57.38,105.73,43.62,605.13,972.82,472
2473,459.23,73.24,123.17,97.4,47.93,800.97,473
2474,448.05,67.17,123.17,97.4,25.78,761.57,474
2475,2387.55,186.3,334.56,194.8,20.44,3123.65,475
2476,657.64,69.48,585.64,779.85,347,2439.61,476
2477,2411.49,134.67,322.77,200.2,976.64,4045.77,477
2478,434.6,235.26,183.26,159.95,761.51,1774.58,478
2479,538.33,228.26,363.14,211.5,3.41,1344.64,479
2480,3058.67,82.89,1509.57,1410.28,94.29,6155.7,480
2481,461.26,253.27,279.18,291.3,43.58,1328.59,481
2482,3564.04,234.61,279.18,578.83,772.4,5429.06,482
2483,947.74,236.89,907.25,559.34,322.76,2973.98,483
2484,743.24,90.4,649.11,745.2,534.7,2762.65,484
2485,59.95,403.43,910.88,495.2,280.15,2149.61,485
2486,676.72,766.73,458.97,587.71,168.01,2658.14,486
2487,997.61,332.9,308.36,292.06,20.03,1950.96,487
2488,545.1,83.26,84.26,529.58,438.15,1680.35,488
2489,177.01,212.39,286.29,249.33,454.76,1379.78,489
2490,595.19,109.7,540.34,664.82,888.77,2798.82,490
2491,343,976.14,717.96,815.15,301.95,3154.2,491
2492,605.74,23,717.96,38,329.6,1714.3,492
2493,9798.76,231.39,717.72,1176.45,278.47,12202.79,493
2494,419.85,200.34,717.72,98.45,904,2340.36,494
2495,1638.75,208.65,399.52,260.15,979.74,3486.81,495
2496,1607.09,85.11,1057.77,527.55,494.69,3772.21,496
2497,18.26,170.71,992.24,167.6,118.79,1467.6,497
2498,320.72,216.93,437.47,490.5,347.72,1813.34,498
2499,966.18,166.62,600.68,295.35,382.01,2410.84,499
2500,1051.73,172.56,1583.45,485.76,530.28,3823.78,500
2501,375.18,492.36,773.71,583.26,561.75,2786.26,501
2502,475.07,654.2,633.81,653.71,286.46,2703.25,502
2503,1094.42,174.9,793.14,347.85,188.36,2598.67,503
2504,436.88,619.42,464.47,757.98,768.8,3047.55,504
2505,139.99,285.18,80.78,822.78,233.88,1562.61,505
2506,217.67,127.33,226.99,241.71,790.58,1604.28,506
2507,15.44,245.64,804.78,608.2,568.91,2242.97,507
2508,415.28,228.26,572.64,376.65,356.54,1949.37,508
2509,504.6,238.26,1527.04,781.8,633.75,3685.45,509
2510,158.33,968.92,168.06,85,563.22,1943.53,510
2511,600.65,236.26,381.76,288.85,9.34,1516.86,511
2512,718.16,76.67,782.16,347.14,305.74,2229.87,512
2513,344.53,516.94,687.99,62.53,221.02,1833.01,513
2514,1374.46,138,50,156.35,986.23,2705.04,514
2515,273.21,187.46,670.9,39.88,445.09,1616.54,515
2516,2164.89,128.3,340.7,270.15,561.06,3465.1,516
2517,383.21,99.29,636.02,441.68,72.1,1632.3,517
2518,305,480.04,30.34,669.6,249.23,1734.21,518
2519,399.51,19.17,917.38,786.26,301.01,2423.33,519
2520,130.54,572.07,641.46,302.01,768.81,2414.89,520
2521,119.77,867.67,318.87,161.19,92.52,1560.02,521
2522,502.64,396.86,501.3,39.99,299.57,1740.36,522
2523,758.24,772.09,643.97,973.26,409.56,3557.12,523
2524,174.06,792.53,885.92,50.21,413.3,2316.02,524
2525,447.18,707.51,621.58,617.66,724.11,3118.04,525
2526,134.22,626.31,619.4,64.17,537.66,1981.76,526
2527,719.4,635.8,329.3,244.48,24.17,1953.15,527
2528,183.43,699.03,181.38,459.01,905.32,2428.17,528
2529,786.14,694.93,705.9,759.89,760.25,3707.11,529
2530,505.21,19.89,47.1,371.62,338.38,1282.2,530
2531,935.87,955.19,984.03,158.43,314.88,3348.4,531
2532,847.6,909.31,714.4,33.68,281.25,2786.24,532
2533,3682.2,218.8,1145.6,549.45,867.2,6463.25,533
2534,491.09,145,819.25,465.9,282.71,2203.95,534
2535,536.85,88.44,184.45,17.3,591.67,1418.71,535
2536,523.93,154.33,301.46,247.66,522.51,1749.89,536
2537,2462.41,185.5,421.02,184.4,545.46,3798.79,537
2538,2880.76,118,222.07,83.55,117.83,3422.21,538
2539,812.29,661.19,881.73,560.83,605.15,3521.19,539
2540,536.27,146.42,177.66,816.25,167.94,1844.54,540
2541,12119.26,137.32,1302.3,1657.57,548.33,15764.78,541
2542,3979.67,81,229.13,205.3,64.48,4559.58,542
2543,586.56,711.93,233.24,633.77,79.22,2244.72,543
2544,498.84,214.26,572.64,372.6,638.51,2296.85,544
2545,552.63,221.92,578.19,391.5,667.45,2411.69,545
2546,616.26,87.73,219.49,157.95,572.85,1654.28,546
2547,842.79,184.09,364.26,410.6,738.03,2539.77,547
2548,648.01,958.19,882.03,404.65,455.18,3348.06,548
2549,792.49,15.2,193.31,407.34,866.01,2274.35,549
2550,963.19,719.9,125.45,430.5,693.44,2932.48,550
2551,911.4,514.44,861.56,810.68,997.72,4095.8,551
2552,176.56,105.48,206.63,238.6,519.14,1246.41,552
2553,803.44,962.79,54.75,30.4,195.56,2046.94,553
2554,785.05,924.88,2.96,751.57,445.24,2909.7,554
2555,579.35,878.42,334.31,228.94,77.33,2098.35,555
2556,365.18,456.11,228.96,658.49,604.56,2313.3,556
2557,125.31,678.2,732.15,773.6,828.78,3138.04,557
2558,484.07,862.6,92.15,22.61,883.65,2345.08,558
2559,717.95,864.74,868.16,310.47,29.13,2790.45,559
2560,431.75,189.86,531.69,215.83,217.37,1586.5,560
2561,629.07,24.7,467.72,167.3,833.98,2122.77,561
2562,3048.88,116,289.64,118.15,801.38,4374.05,562
2563,262.07,250.05,897.93,351.67,426.24,2187.96,563
2564,1050,89.14,1496.87,373.77,811.06,3820.84,564
2565,116.22,819.52,308.76,545.39,240.13,2030.02,565
2566,614.53,73,308.76,241.9,574.11,1812.3,566
2567,3105.05,129,888.28,342.55,673.5,5138.38,567
2568,764.05,984.41,280.11,629.73,934.34,3592.64,568
2569,575.1,503.6,863.95,574.23,975.41,3492.29,569
2570,668.68,243.92,863.95,494.15,611.49,2882.19,570
2571,502.68,248.92,863.95,186.2,741.54,2543.29,571
2572,620.37,105,368.9,222.6,355.71,1672.58,572
2573,107.52,750.22,501.89,364.66,98.49,1822.78,573
2574,134.2,466.41,11.5,687.49,640.84,1940.44,574
2575,811.29,331.02,448.61,59.51,899.12,2549.55,575
2576,125.42,459.57,283.39,868.75,636.7,2373.83,576
2577,542.53,111.49,660.8,101.43,7.86,1424.11,577
2578,530.54,54.83,1748.59,362.93,483.83,3180.72,578
2579,2428.49,66.24,2056.3,492.55,612.83,5656.41,579
2580,1003.07,651.3,1917.5,658,282.15,4512.02,580
2581,352.99,164.93,530.09,679.02,2.31,1729.34,581
2582,86.61,910.76,751.35,340.48,755.38,2844.58,582
2583,280.33,589.94,684.29,342.52,61.18,1958.26,583
2584,583.95,971.2,654.85,629.8,721.18,3560.98,584
2585,1024.04,100.32,1600.43,487.68,717.69,3930.16,585
2586,429.81,796.34,823.24,878.24,585.38,3513.01,586
2587,482.43,932.76,681.49,640.79,657.66,3395.13,587
2588,450.52,264.92,578.19,396.95,350.43,2041.01,588
2589,803.15,272.92,547.64,396.95,869.34,2890,589
2590,473.31,196.09,578.19,396.95,107.45,1751.99,590
2591,403.13,231.92,153.52,169.55,886.45,1844.57,591
2592,106.86,867.73,116.76,255.41,767.88,2114.64,592
2593,251.14,30.74,116.76,38.65,534.58,971.87,593
2594,417.68,96,400.2,244.95,540.12,1698.95,594
2595,471.62,153.29,813.68,392.64,718.7,2549.93,595
2596,656.06,516.82,330.16,970.29,472.03,2945.36,596
2597,2939.7,134.1,330.16,272.1,978.58,4654.64,597
2598,942.59,143.7,980.12,366.7,259.5,2692.61,598
2599,859.88,917.37,739.76,889.83,357.11,3763.95,599
2600,12.85,185.37,706.91,202.25,746.9,1854.28,600
2601,764.16,112.98,1070.97,549.45,47.45,2545.01,601
2602,962.46,488.46,293.96,939.77,328.45,3013.1,602
2603,745.14,124.87,1319.8,354.14,45.05,2589,603
2604,938.83,795.43,88.57,521.84,983.6,3328.27,604
2605,489.52,223.92,578.19,396.95,905.58,2594.16,605
2606,971.13,48.74,233.86,174.7,375.3,1803.73,606
2607,971.13,125.28,534.83,69.85,144.36,1845.45,607
2608,536.3,244.92,201.12,194.55,404.69,1581.58,608
2609,793.48,229.93,686.77,205.47,843.85,2759.5,609
2610,527.65,231.92,153.52,169.55,96.08,1178.72,610
2611,515.65,20.07,679.06,401.73,358.29,1974.8,611
2612,539.89,150.98,101.33,701.95,933.79,2427.94,612
2613,478.91,914.82,69.31,619.18,373.13,2455.35,613
2614,924.69,33,1651.67,491.38,354.43,3455.17,614
2615,790.59,77.85,205.66,174.7,905.41,2154.21,615
2616,1976.33,512.27,814.87,547.96,982.96,4834.39,616
2617,240.13,94.35,814.87,87.15,248.43,1484.93,617
2618,3869.14,239.16,979.53,111.33,209.21,5408.37,618
2619,62.28,507.57,338.38,610.11,695.37,2213.71,619
2620,770.56,354.02,844.75,773.86,966.5,3709.69,620
2621,489.03,212.18,842.22,489.35,408.01,2440.79,621
2622,545.79,88.06,233.86,194.55,621.41,1683.67,622
2623,670.49,104.48,459.83,345.53,424.45,2004.78,623
2624,700.41,136.19,418.27,212.25,636.42,2103.54,624
2625,971.13,79.81,534.83,346.79,542.82,2475.38,625
2626,931.49,209.12,1062.08,542.75,972.2,3717.64,626
2627,971.13,610.55,330.84,251.95,477.82,2642.29,627
2628,542.8,114.34,701.58,322.85,953.92,2635.49,628
2629,971.13,472.63,215.42,124.7,298.39,2082.27,629
2630,2231.91,96.83,627.33,339.5,43.74,3339.31,630
2631,702.27,42.18,186.86,166.45,30.03,1127.79,631
2632,1969.38,97.41,1108.96,389.6,694.7,4260.05,632
2633,971.13,184.26,534.83,20.1,497.46,2207.78,633
2634,2019.78,232.96,607.65,350.91,924.25,4135.55,634
2635,745.75,232.96,224.87,70.75,866.34,2140.67,635
2636,123.97,408.61,635.34,525.24,702.23,2395.39,636
2637,361.46,203.51,560.58,239.45,503.12,1868.12,637
2638,971.13,261.99,534.83,346.79,554.85,2669.59,638
2639,971.13,262.92,304.62,182.1,2.23,1723,639
2640,3107.15,69.16,1043.89,978.14,387.69,5586.03,640
2641,670.43,110.65,447.9,323.87,315.5,1868.35,641
2642,791.41,24,534.83,40.6,262,1652.84,642
2643,971.13,62.78,534.83,19.85,759.69,2348.28,643
2644,971.13,47.73,534.83,19.85,19.83,1593.37,644
2645,887.92,588.82,854.06,583.56,764.21,3678.57,645
2646,1384.38,175.9,331.5,292.85,437.29,2621.92,646
2647,664.09,372.64,540.36,729.42,359.94,2666.45,647
2648,867.94,269.07,341.45,397.01,794.9,2670.37,648
2649,4433.93,155.4,728.48,249.4,535.69,6102.9,649
2650,387.68,62,186.86,54.45,464.87,1155.86,650
2651,99.42,977.55,313.79,778.28,588.07,2757.11,651
2652,755.3,8.63,411.92,862.09,389.15,2427.09,652
2653,239.14,191.69,82.89,399.34,158.27,1071.33,653
2654,499.11,242.92,578.19,409.35,820.77,2550.34,654
2655,558.05,230.14,196.26,174.7,765.75,1924.9,655
2656,490.16,208.14,530.45,329.15,82.08,1639.98,656
2657,858.61,264.98,364.26,322.3,246.9,2057.05,657
2658,623.36,185.02,320.92,212.25,69.76,1411.31,658
2659,619.52,353.5,444.22,182.1,236.2,1835.54,659
2660,971.13,88.9,152.54,194.55,824.86,2231.98,660
2661,1319.69,113.66,520.66,496.9,137.12,2588.03,661
2662,4163.04,162.06,1832.87,1195.96,749.58,8103.51,662
2663,735.73,95.31,1832.87,70.25,629.66,3363.82,663
2664,757.12,76.1,610.77,592.97,490.48,2527.44,664
2665,492.39,133.39,151.32,174.7,578.56,1530.36,665
2666,204.22,315.94,493.69,123.46,448.45,1585.76,666
2667,827.06,136,186.86,124.7,439.31,1713.93,667
2668,338.35,372.89,426.17,372.87,545.28,2055.56,668
2669,1755.1,300.01,5238.95,3547.45,672.97,11514.48,669
